,M_value,Rule_num
0,0.0,1
1,8.475704534658407,2
2,9.264948706556376,3
3,13.703230730747972,4
4,33.1770783983732,5
5,34.83828686069479,6
6,34.83828686069479,8
7,63.61545743804443,9
8,71.61313572832651,10
9,71.61313572832651,11
10,71.61313572832651,12
11,96.99139994685343,13
12,96.99139994685343,14
13,96.99139994685343,15
14,96.99139994685343,16
15,96.99139994685343,17
