,M_value,Rule_num
0,0.0,1
1,16.407516543938513,2
2,24.307998853049263,3
3,26.322650089751143,4
4,62.54034894433845,5
5,62.54034894433845,7
6,62.54034894433845,8
7,62.54034894433845,9
8,62.54034894433845,10
9,62.54034894433845,11
10,62.54034894433845,12
11,62.54034894433845,13
12,68.20789913922923,14
13,68.20789913922923,15
14,68.20789913922923,18
15,68.20789913922923,24
16,68.20789913922923,22
