,M_value,Rule_num
0,0.0,1
1,20.142840192088244,2
2,33.89334191332301,3
3,35.371718664600174,4
4,38.62082268982657,5
5,38.80593148585749,6
6,38.80593148585749,7
7,137.9002018210997,8
8,137.9002018210997,11
9,138.4694334804127,12
10,138.4694334804127,13
11,138.4694334804127,14
12,163.0342061702343,15
13,163.0342061702343,16
