,M_value,Rule_num
0,0.0,1
1,12.680729714400417,2
2,18.661830475793614,3
3,28.21602698482522,4
4,28.21602698482522,5
5,28.21602698482522,6
6,28.21602698482522,7
7,44.38943637823522,8
8,44.38943637823522,9
9,64.15175168828279,10
10,82.21604143073353,11
11,89.17629485915771,12
12,89.17629485915771,14
13,89.17629485915771,15
14,100.01692430700211,16
15,100.01692430700211,18
16,100.01692430700211,19
