,M_value,Rule_num
0,0.0,1
1,18.27368817694462,2
2,26.06330723281968,3
3,26.943567390758645,4
4,31.796269516594165,5
5,59.19806092641153,6
6,59.469059428779445,7
7,59.469059428779445,8
8,75.20612648490632,9
9,78.8273391739295,10
10,112.11713657388253,11
11,112.11713657388253,12
